{"profit": [0.0, -485.2222442626953, -369.89121437072754, -592.1703815460205, 239.99295234680176, 0.0, -0.0, -572.4318504333496, 4.098675400018692, -1180.7889938354492, -215.13338088989258, -467.85387992858887, 576.6760349273682, -1156.7960739135742, -0.0, 97.76844382286072, -290.2390241622925, -574.6554374694824, -0.0, 0.0, -0.0, 0.0, -307.5162410736084, -80.75089454650879, 0.0, 0.0, -0.0, 0.0, 0.0, 475.4952907562256, 548.1417655944824, 0.0, -0.0, -369.07315254211426, -0.0, 0.0, 0.0, 0.0, -121.63712978363037, -0.0, 0.0, 899.3675231933594, -271.24903202056885, -0.0, 267.1863794326782, 93.73157024383545, 452.9916286468506, -293.22454929351807, -523.1658458709717, -59.705013036727905, -0.0, -0.0, -0.0, 0.0, -0.0, -0.0, 0.0, 0.19638799130916595, -515.0913238525391, -533.3198070526123, -615.416145324707, -0.0, 0.0, -265.3431177139282, -344.56334114074707, -0.0, 0.0, -0.0, 0.0, -0.0, -0.0, 0.0, 0.0, -0.0, 522.3302841186523, 0.0, 0.0, 0.0, -186.16169691085815, 0.0, -0.0, -0.0, 22.51061201095581, 597.7285861968994, 224.3785858154297, 0.0, -0.0, -217.12496280670166, 0.0, -308.0502510070801, -506.616735458374, -43.74082684516907, 206.11748695373535, -0.0, -0.0, -0.0, 69.65947151184082, -537.9947185516357, 0.0, 0.0, -0.0, -600.1065731048584, -0.0, 1071.3037490844727, 0.0, 0.0, -522.4933624267578, 0.0, 0.0, -0.0, -528.9765357971191, 0.0, -311.16507053375244, -0.0, -586.8176460266113, -0.0, 211.78150177001953, -587.7565383911133, 603.5680770874023, -359.95044708251953, -0.0, -619.8950290679932, -435.4282855987549], "total_profit": [0.0, -485.2222442626953, -855.1134586334229, -1447.2838401794434, -1207.2908878326416, -1207.2908878326416, -1207.2908878326416, -1779.7227382659912, -1775.6240628659725, -2956.4130567014217, -3171.5464375913143, -3639.400317519903, -3062.724282592535, -4219.520356506109, -4219.520356506109, -4121.7519126832485, -4411.990936845541, -4986.646374315023, -4986.646374315023, -4986.646374315023, -4986.646374315023, -4986.646374315023, -5294.162615388632, -5374.913509935141, -5374.913509935141, -5374.913509935141, -5374.913509935141, -5374.913509935141, -5374.913509935141, -4899.418219178915, -4351.276453584433, -4351.276453584433, -4351.276453584433, -4720.349606126547, -4720.349606126547, -4720.349606126547, -4720.349606126547, -4720.349606126547, -4841.986735910177, -4841.986735910177, -4841.986735910177, -3942.619212716818, -4213.868244737387, -4213.868244737387, -3946.6818653047085, -3852.950295060873, -3399.9586664140224, -3693.1832157075405, -4216.349061578512, -4276.05407461524, -4276.05407461524, -4276.05407461524, -4276.05407461524, -4276.05407461524, -4276.05407461524, -4276.05407461524, -4276.05407461524, -4275.857686623931, -4790.94901047647, -5324.268817529082, -5939.684962853789, -5939.684962853789, -5939.684962853789, -6205.028080567718, -6549.591421708465, -6549.591421708465, -6549.591421708465, -6549.591421708465, -6549.591421708465, -6549.591421708465, -6549.591421708465, -6549.591421708465, -6549.591421708465, -6549.591421708465, -6027.261137589812, -6027.261137589812, -6027.261137589812, -6027.261137589812, -6213.42283450067, -6213.42283450067, -6213.42283450067, -6213.42283450067, -6190.912222489715, -5593.183636292815, -5368.8050504773855, -5368.8050504773855, -5368.8050504773855, -5585.930013284087, -5585.930013284087, -5893.980264291167, -6400.596999749541, -6444.33782659471, -6238.220339640975, -6238.220339640975, -6238.220339640975, -6238.220339640975, -6168.560868129134, -6706.55558668077, -6706.55558668077, -6706.55558668077, -6706.55558668077, -7306.662159785628, -7306.662159785628, -6235.358410701156, -6235.358410701156, -6235.358410701156, -6757.8517731279135, -6757.8517731279135, -6757.8517731279135, -6757.8517731279135, -7286.828308925033, -7286.828308925033, -7597.993379458785, -7597.993379458785, -8184.811025485396, -8184.811025485396, -7973.029523715377, -8560.78606210649, -7957.217985019088, -8317.168432101607, -8317.168432101607, -8937.0634611696, -9372.491746768355], "fees": [0.0, 9.704444885253906, 7.397824287414551, 11.84340763092041, 4.799859046936035, 7.041390895843506, 11.086324691772461, 11.448637008666992, 0.08197350800037384, 11.807889938354492, 4.302667617797852, 9.357077598571777, 5.766760349273682, 11.567960739135742, 3.0654358863830566, 0.9776844382286072, 5.80478048324585, 11.493108749389648, 3.908733367919922, 7.409023284912109, 11.797664642333984, 6.146100997924805, 6.150324821472168, 1.6150178909301758, 7.9354376792907715, 7.011213302612305, 6.898295879364014, 11.097342491149902, 8.279276847839355, 9.509905815124512, 10.962835311889648, 10.170999526977539, 9.81008243560791, 7.381463050842285, 5.625258922576904, 7.44464111328125, 9.840210914611816, 0.22671392560005188, 2.4327425956726074, 4.071507930755615, 1.591452717781067, 8.993675231933594, 5.424980640411377, 12.062748908996582, 5.3437275886535645, 1.874631404876709, 9.059832572937012, 5.864490985870361, 10.463316917419434, 1.194100260734558, 4.021716117858887, 4.643324375152588, 1.44210684299469, 9.642096519470215, 1.0096189975738525, 1.4553422927856445, 1.095112919807434, 0.003927759826183319, 10.301826477050781, 10.666396141052246, 12.30832290649414, 12.065064430236816, 2.7760517597198486, 5.3068623542785645, 6.891266822814941, 12.429933547973633, 11.98880672454834, 1.1352808475494385, 10.712138175964355, 2.550974130630493, 6.417201519012451, 11.345044136047363, 8.294476509094238, 10.397780418395996, 10.446605682373047, 3.3098597526550293, 2.6698789596557617, 9.911617279052734, 3.723233938217163, 7.914937973022461, 3.677908420562744, 7.700623035430908, 0.4502122402191162, 11.954571723937988, 4.487571716308594, 11.678228378295898, 9.373254776000977, 4.342499256134033, 3.5975699424743652, 6.161005020141602, 10.13233470916748, 0.8748165369033813, 4.122349739074707, 3.9096951484680176, 12.345993995666504, 0.9956600069999695, 1.3931894302368164, 10.759894371032715, 6.6322455406188965, 4.8624982833862305, 10.467000961303711, 12.002131462097168, 1.1877143383026123, 10.713037490844727, 4.743902206420898, 4.583543300628662, 10.449867248535156, 11.462475776672363, 7.560035705566406, 11.735787391662598, 10.579530715942383, 11.857674598693848, 6.223301410675049, 4.081139087677002, 11.736352920532227, 10.853315353393555, 4.235630035400391, 11.755130767822266, 12.071361541748047, 7.199008941650391, 2.917384624481201, 12.397900581359863, 8.708565711975098],